word,gender_score
amateurbondage,-0.350365
abortion,-0.800664
abuse,-0.639465
abuser,-0.409511
abusers,0.093656
academy,0.162681
access,-0.562321
accessories,-0.738253
accessory,0.32199
accident,-0.624633
accommodation,0.575309
accompany,0.079793
accomplice,0.597084
account,0.5195
accountant,0.442109
accounts,0.757455
ace,0.550499
acquaintance,-0.019665
act,-0.267112
action,-0.424822
activation,0.76
activist,-0.217377
activists,-0.983946
activities,-0.167658
activity,0.866744
actor,-0.316386
actors,-0.426448
actress,-0.928819
actresses,-0.979162
ad,0.752902
addict,-0.416735
addicts,-0.920506
addition,-0.253012
addresses,0.707442
adept,0.769963
adhd,-0.408451
adherent,0.77512
admin,0.888724
administrator,-0.056944
administrators,-0.631857
admirer,0.84817
adolescent,0.484472
ads,-0.889768
adult,-0.740015
adulteress,-0.949352
adultery,-0.497227
advantage,0.975036
adventure,0.291317
adventures,-0.265306
advertisements,0.39895
advertising,0.754292
advice,-0.056891
adviser,0.8665
advisor,0.690028
advocate,0.467942
affair,-0.468348
affairs,0.780719
affiliate,0.957306
affiliates,0.006452
afghan,0.207194
africa,-0.356972
age,-0.243434
agency,-0.12415
agent,0.524502
agents,-0.735016
ages,-0.375035
aggie,-0.215035
aggressor,0.584806
agony,0.31337
agriculture,0.913956
aid,-0.390868
aide,0.737643
aids,-0.654135
air,-0.402535
airforce,-0.501832
airlines,-0.253317
airways,0.922957
aisan,-0.97581
aktivbondage,-0.350365
alabama,0.732185
alaska,0.05668
album,-0.919213
alchemy,-0.72549
alcohol,0.495828
alcoholic,0.486299
alien,0.318602
allies,-0.755196
alpha,0.772864
altar,0.457265
alternate,0.513577
alternative,-0.669922
alumnus,0.811839
amater,-0.577236
amateur,-0.678798
amateurs,-0.874642
amatuer,-0.940959
ambassador,0.341888
amber,-0.981197
ambulance,0.690873
america,-0.06699
amethyst,-0.456349
amp,0.115611
amputee,-0.175407
anachronism,-0.890309
anal,-0.77256
analysis,-0.961468
analyst,0.257721
anatomy,-0.629699
ancestor,0.794872
anchor,0.446648
android,-0.114198
angel,-0.184828
angeles,0.321489
angels,-0.165301
anger,0.452055
animal,-0.853433
animals,-0.588523
animalsex,-0.930839
animation,-0.0784
anime,-0.780482
annuitant,-0.192547
anomaly,0.316649
anonymous,-0.59022
another,0.422096
answer,0.765833
answers,0.676022
anti,0.701083
antics,-0.158551
antithesis,0.541106
antonio,-0.052427
anxiety,-0.492537
apartment,-0.036027
apartments,0.744924
apologist,0.586314
apparel,-0.026766
appeal,0.394794
apple,-0.122371
applicant,0.155203
applicants,-0.450668
apprentice,0.434206
approach,0.422439
aqua,-0.998049
aquarius,0.777778
arab,-0.507896
arbiter,0.688889
archaeologist,0.257951
archetype,0.91125
architect,0.93877
architects,-0.231166
archive,0.451285
archives,-0.501833
area,0.163808
areas,0.858177
arizona,0.303386
arkansas,0.469625
arm,0.772553
armpits,0.88744
arms,0.103089
army,0.606476
art,-0.33744
article,0.635146
articles,0.653571
artist,-0.039855
artists,-0.984499
arts,0.418351
ashes,0.157143
asian,-0.52367
asics,-0.30617
asp,0.948919
aspect,-0.892386
ass,-0.751209
assassin,0.607
assassins,-0.717172
assault,-0.573922
assembly,0.544776
asses,-0.746425
asset,0.386187
assfucks,0.687132
asshole,0.231535
assholes,-0.946608
assist,-0.650374
assistant,0.469925
associate,0.540351
association,0.846628
astronaut,-0.402985
astronomer,-0.253394
asylum,-0.305882
atheist,0.729914
athlete,-0.343187
athletes,-0.829258
athletics,-0.349315
atlanta,0.380952
attachment,-0.647104
attack,0.185192
attempt,-0.417931
attention,-0.115256
attire,-0.505528
attitude,0.818744
attorney,0.422653
attraction,0.460843
auction,0.633554
auctions,0.669535
audio,0.266304
auditions,0.093275
augmentation,-0.015228
aunt,-0.39223
australia,-0.411552
author,0.511965
authorities,0.943598
authority,0.849092
authors,-0.989723
auto,0.743764
autopsy,-0.388545
avatar,0.921883
average,-0.003117
award,0.087785
awards,0.757025
babe,-0.984992
babes,-0.995545
babies,-0.290202
baby,-0.163049
babyface,-0.685246
babysitter,-0.753623
babysitters,-0.211538
bachelor,0.905011
back,-0.465877
backbone,-0.182367
background,-0.692605
backseat,0.333333
backup,0.02421
backwoods,0.208826
backyard,-0.670251
badass,0.789752
badger,0.506686
bag,-0.641384
bags,-0.742114
bait,0.421995
bakersfield,-0.164651
balck,-0.738554
baldwin,0.588524
ball,0.680892
ballerina,-0.317997
balloon,-0.341799
balls,-0.243319
baltimore,0.288789
bama,-0.321705
bamboo,-0.826446
band,0.648764
bandit,0.860584
bands,0.506861
bane,0.355649
bang,-0.908665
bangers,-0.985845
bangs,-0.66262
bank,0.798612
bankrupt,0.028037
bar,0.183092
barefoot,-0.049299
barn,-0.137056
barren,-0.810431
bars,-0.560538
bartender,0.46934
base,-0.329075
baseball,0.834795
basis,0.710214
basket,-0.853613
basketball,-0.087284
bastard,-0.653168
bat,0.723214
bath,0.25732
bathrobes,0.560886
bathroom,-0.971155
bathrooms,-0.181045
bathtub,0.521429
battery,-0.199074
battle,0.201386
bay,0.199614
bbs,0.311909
bbw,-0.995974
beach,-0.57843
beacon,0.683274
beanie,0.247089
bear,0.442608
bearer,0.568182
bears,0.910108
beast,0.312846
beastality,-0.94514
beastiality,-0.633432
bestiality,-0.995112
beasts,-0.845684
beat,0.753878
beater,-0.574684
beatnik,-0.169591
beauty,-0.319765
beaver,0.066318
beavers,-0.738799
bed,-0.017973
bedding,-0.146718
bedroom,-0.219105
bedrooms,-0.054453
beds,-0.603024
bedspread,0.211339
bedspreads,0.116761
bee,-0.983633
beekeeper,0.527638
beer,-0.52982
bees,-0.971842
beggar,0.299882
beginner,0.317779
beginning,0.62231
behaviour,-0.481788
being,0.892163
beings,-0.612225
belgium,-0.234545
believer,0.567017
believers,-0.40249
belt,-0.590408
belts,-0.513097
bench,0.727032
bend,0.496667
benedictine,0.638817
beneficiary,0.352472
benefit,-0.547096
benefits,-0.884123
bestiality,-0.614059
betting,0.827316
bi,0.770176
bible,0.885645
bigot,0.749893
bike,-0.260294
biker,-0.931198
bikes,-0.842357
bildungsbondage,-0.350365
billions,-0.854093
binary,-0.087193
bingo,0.304348
bio,0.232133
biography,0.492102
bird,-0.648168
birds,-0.955164
birmingham,0.285996
birth,-0.197608
birthday,0.081407
birthplace,-0.008964
bishop,0.199187
bishops,-0.639231
bit,0.300638
bitch,-0.832424
bitches,-0.926357
bite,-0.85546
bites,0.978624
biz,-0.149038
black,-0.16842
blackjack,-0.932496
blacks,-0.275315
blankets,-0.112782
blast,0.163014
blazer,0.379624
blessing,-0.030494
blessings,-0.274074
block,0.204848
blog,-0.457844
blogger,-0.127958
bloggers,-0.980135
blogs,-0.596716
blondes,-0.99403
blood,0.633837
bloodhound,-0.884514
blowjob,-0.922172
blowjobs,-0.896459
blue,0.666667
board,-0.480878
boards,-0.949869
boat,0.4457
bodies,0.012674
bods,-0.440118
body,-0.549278
bodybuilder,-0.272056
bodybuilders,-0.800851
bodybuilding,-0.552121
bollywood,-0.584557
bomb,0.070423
bombay,-0.679901
bomber,-0.111111
bombers,0.384615
bond,-0.661843
bondage,-0.227774
bonding,0.662067
bonds,0.891374
bone,0.928881
bones,-0.758421
bonus,0.780811
boobs,-0.896143
book,0.480919
bookkeeper,-0.270622
books,0.369463
boom,-0.262766
boomer,-0.673217
boot,0.29384
boots,-0.107227
booty,-0.871665
border,0.381107
boss,-0.078859
boston,-0.525639
bot,-0.928479
both,0.856187
bottle,-0.857811
bottom,-0.543981
bottoms,-0.633814
boutique,-0.511845
bowls,-0.567729
box,0.644869
boxer,0.593238
boxers,-0.577735
boxes,0.115385
boxing,-0.676621
boy,0.62921
boyfriend,0.277223
boys,0.46582
bra,-0.900412
bracelet,-0.654204
bracket,0.011834
brain,0.568528
brains,0.404887
branch,-0.242885
brand,-0.819767
brands,-0.689808
bras,-0.250116
brat,-0.298945
brazil,-0.786062
bread,-0.072052
break,0.353492
breakfast,0.752599
breast,-0.959079
breasts,-0.972482
breath,0.087067
breeder,0.148559
breeding,-0.297665
breeds,-0.242645
brick,-0.545117
bride,-0.814221
bridegroom,-0.82159
briefs,0.675464
brightness,-0.554455
bringer,0.196481
brisbane,0.915306
brit,0.084007
bro,0.8543
broker,0.740107
bronze,-0.552561
brooklyn,-0.706205
brothel,0.44323
brother,-0.204429
brothers,0.651852
brown,0.683392
brunet,-0.83161
brunette,-0.951328
bubble,-0.451451
buddies,0.871336
buddy,0.654874
buffer,0.850729
bug,-0.920911
bugs,-0.963937
builds,-0.452055
bukkake,-0.917891
bull,0.601423
bulldog,0.87546
bunch,0.942049
bundle,-0.238095
burden,0.344162
burn,-0.680451
burning,-0.663082
bury,-0.135632
bush,-0.315918
business,-0.304922
businesses,0.804221
bust,0.13676
butt,-0.44117
butterfly,-0.373837
butthole,-0.290023
button,0.159809
butts,-0.771544
buttts,-0.450098
buyer,-0.264822
buzz,-0.855528
byu,0.83986
cabana,0.877181
cache,-0.835233
cadet,0.464542
cajun,-0.3125
cake,-0.113499
cakes,0.984869
calendar,-0.877202
california,0.435697
call,-0.947226
caller,0.952996
cam,-0.783566
camel,-0.628904
cameltoe,-0.865181
camera,0.641732
cameras,-0.957862
camp,0.020012
campaign,0.736021
camper,0.346341
campus,0.625231
canada,-0.767771
cancer,-0.49361
candidate,0.249947
candidates,-0.986228
candy,0.235476
cannibal,0.536313
canny,0.697297
canopy,-0.268757
capri,-0.874164
caps,-0.523046
capsules,0.360731
captain,0.748354
captive,0.458932
captors,-0.340659
car,-0.330682
card,-0.064425
cardholder,-0.445545
cards,0.79197
care,-0.619702
career,-0.206377
caretaker,0.564155
careth,-0.513216
caribbean,0.213489
caricature,0.707547
carmelite,-0.387077
carolina,0.128663
carpets,-0.208333
carrier,-0.45304
cars,-0.9093
cartoon,-0.397506
cartoons,-0.351535
case,-0.117836
cases,0.263479
cash,-0.935768
cashier,-0.468421
casino,-0.002663
casinos,-0.743571
cast,0.527081
casting,0.809387
cat,-0.425948
catalyst,0.424419
catastrophe,-0.012048
catch,0.337963
category,0.024859
caterpillar,0.944934
catholic,0.152305
cats,-0.402349
cause,0.46838
cave,0.473517
cd,-0.12491
cds,0.572505
celeb,-0.294611
celeberties,0.232787
celebrities,-0.727598
celebrity,-0.699662
celebs,-0.717353
cell,0.617776
cellist,0.093596
cells,0.347137
center,0.145189
centre,0.629078
century,0.398407
ceo,0.818003
cf,0.109756
cgi,-0.53071
chair,0.490393
chairman,0.848945
chairperson,0.509399
chalk,0.241199
challenge,-0.988253
chamber,0.78444
chambers,0.010638
champion,0.69741
championship,-0.035623
chancellor,0.55341
change,0.321423
changes,0.627015
chaos,0.354146
chapter,-0.936523
chapters,-0.083021
character,0.355711
characters,-0.243335
charge,-0.202131
charges,0.866667
charleston,0.597765
charms,-0.248096
chastity,-0.733191
chat,0.202394
chatroom,0.537055
chats,-0.508479
cheat,0.593915
cheater,0.787482
cheating,-0.899007
cheats,0.393649
chechen,-0.537748
check,-0.231696
cheerleader,-0.835661
cheerleaders,-0.839806
cheers,0.920868
chef,0.944648
chelsea,0.157596
chemical,0.946883
chemist,0.817335
chemistry,0.127273
cherokee,-0.410189
chess,0.602577
chest,-0.583881
chicago,0.21091
chicano,0.464135
chick,-0.929209
chicken,0.871486
chicks,0.053535
chief,0.65006
chiefs,-0.161826
chihuahua,0.330798
child,-0.152145
childhood,0.286676
children,-0.344344
childs,0.32752
china,-0.80092
chocolate,-0.709379
choice,0.324613
choices,-0.54491
choir,0.923131
chorus,-0.897692
christian,-0.69484
christmas,-0.151231
chromosomes,-0.112554
chump,0.314286
church,-0.217827
cia,0.836993
cigar,0.315581
cigarette,-0.239364
cigarettes,-0.58377
cigars,-0.152643
cinema,0.443519
circle,0.461294
circuitry,0.58952
circus,0.041164
cities,-0.112384
citizen,0.484882
city,0.120923
civilian,0.913786
clash,0.213155
class,-0.186852
classes,0.746912
classics,-0.513793
classmate,0.493258
cleaner,-0.233333
cleavage,-0.954613
clergyman,0.967546
clerk,0.805349
client,-0.388289
clientele,-0.719481
clients,-0.839484
climate,0.355463
climax,-0.734185
climb,0.489438
climbing,0.312794
clip,0.259832
clips,-0.701989
clone,0.641377
close,-0.877202
cloth,0.483051
clothes,-0.264683
clothing,-0.347052
clown,0.941686
club,-0.076443
clubbondage,-0.350365
clubs,-0.527216
cnn,-0.496423
co,0.39586
co.,0.223332
coach,0.603338
coaches,0.425
coast,-0.066273
coauthor,0.748474
cock,0.433938
cocks,-0.152974
cocksuckers,-0.491115
cocktail,-0.453131
code,0.843885
codes,0.688564
coed,-0.976692
coeditor,0.155963
coffin,-0.390604
cofounder,0.765138
cohf,-0.510763
cola,-0.217647
cold,0.49758
collaborator,0.811268
collage,-0.931651
collar,0.501547
colleague,0.546309
collection,0.543417
collections,-0.089385
collector,0.745906
college,-0.270873
colleges,0.635179
collie,-0.590759
cologne,0.840798
color,0.936983
colorado,0.07746
colors,-0.232143
colour,-0.260274
columbia,0.844885
columnist,0.361776
com,-0.718267
coma,0.097046
combat,0.891172
combination,0.543825
comeback,-0.08971
comedian,0.929477
comedy,0.462842
comfort,-0.810122
comforter,-0.002305
comic,0.464763
comics,-0.43201
command,0.989311
commander,0.821797
commands,0.918726
comment,-0.55902
commentary,0.911523
commentator,0.7154
commission,0.792701
commissioner,-0.097409
commitment,0.414634
committee,0.746148
commoner,0.144424
communicant,-0.098592
communication,0.798274
communist,0.809524
communities,0.871432
community,0.609781
companies,-0.777242
companion,-0.594301
company,-0.347261
compatibility,0.279592
competition,0.021452
competitions,0.914993
competitor,0.856246
complex,-0.542099
complexion,0.010417
composer,0.289105
composers,-0.987179
composite,0.762768
computer,0.971131
comrade,0.568807
con,0.965979
concern,-0.799208
concert,0.168831
condition,-0.819533
conductor,0.888971
conduit,0.569061
conferences,0.824713
confidant,0.615
confidence,0.912
confusion,0.832558
congregation,0.51087
connecticut,0.638353
connections,0.89762
connoisseur,0.624138
conscience,-0.279552
consequence,0.333333
conservative,0.603062
consort,-0.527258
consorts,-0.776776
constellations,0.179856
consul,0.366589
consultant,0.55966
consumer,-0.141643
consumers,-0.657127
consummate,-0.383706
contact,0.666804
contacts,0.218911
contemporary,0.798387
contender,0.645029
content,0.438588
contest,-0.430293
contestant,-0.092334
contests,0.817957
continent,-0.814709
contract,0.928524
contractor,0.76568
contributor,0.352242
control,0.145289
controllers,0.980335
convenience,-0.083333
convention,0.80597
conversation,-0.511364
convert,0.624776
cook,-0.40968
cookbook,0.538961
coordinator,0.398496
cop,-0.104681
copper,-0.5
copy,0.113951
core,-0.68306
corn,-0.67406
corner,-0.850072
cornerstone,0.561151
corporation,0.935659
corpse,-0.992815
correspondence,-0.763593
correspondent,0.422127
corrie,-0.140065
cosmetics,0.301536
costume,-0.470471
costumes,-0.958648
couch,0.801779
council,0.859351
counsel,0.518371
counsellor,0.229584
counselor,0.133987
counsels,-0.923759
count,-0.207887
counter,-0.378931
counterparts,-0.360704
countries,0.934263
country,0.689153
county,0.418744
couple,-0.441545
couples,-0.286159
courier,0.550432
course,0.950769
courses,-0.299291
court,-0.23941
cousin,-0.149852
coventry,0.056604
cover,-0.61637
coverlet,-0.280932
cow,-0.694556
coward,0.882917
cowards,0.356589
cowboy,-0.445746
cowgirl,0.151899
coyote,0.484536
cpa,0.717861
cpls,0.398119
cpu,0.861004
cr,-0.281853
crab,0.969293
crack,-0.374015
crackhead,-0.084416
craft,-0.857138
cramps,-0.762484
craps,0.037509
crash,0.055244
cream,0.245583
creampie,-0.952685
creampies,-0.944136
creation,0.533312
creator,0.833784
creators,-0.104167
creature,0.532849
creatures,-0.020633
credentials,0.793258
credit,0.86466
creditor,0.169492
creek,-0.333333
crew,0.774212
cricket,0.105132
crime,0.929521
criminal,0.648968
cripple,0.799897
crisis,-0.695032
cross,0.796471
crossdress,0.001507
crossdresser,0.770992
crowd,-0.043785
crown,0.735317
crowns,-0.145817
cruiser,-0.999026
crusade,0.96698
crush,-0.350977
cry,-0.438344
crypto,0.223214
crystal,-0.74341
cub,0.631659
cuckold,0.227578
cuckolds,-0.897773
culprit,0.706558
culture,0.804548
cum,-0.49664
cums,-0.556164
cumshot,-0.977151
cumshots,-0.952927
cunt,-0.784029
cunts,-0.908964
cup,-0.310533
curator,0.428085
cure,0.675015
curtains,-0.725275
custodian,0.411982
custody,0.246093
customer,0.047744
customers,-0.302279
cut,-0.900348
cutie,-0.544517
cyber,-0.526701
cyclist,-0.635097
cynosure,0.148148
da,0.634003
dad,0.52086
daddies,0.697852
daddy,0.80698
dads,0.01684
dallas,-0.501272
dance,0.3448
dancer,-0.586026
dances,0.19538
dancing,-0.871537
danger,0.152484
darkness,0.80369
darling,0.31278
data,0.718787
database,0.006278
date,-0.161552
dates,-0.700688
dating,-0.17794
daughter,-0.720537
daughters,-0.987363
day,-0.526367
days,0.509705
deacons,-0.514099
deadbeat,0.705573
deal,0.328843
dealer,0.600891
deals,-0.41309
dean,0.632149
dear,0.66898
death,0.062564
deceiver,0.673729
decendant,0.469613
decision,0.738947
deck,0.440789
decks,-0.096726
decoy,-0.529032
deepthroats,-0.812183
deer,-0.539011
defence,0.981584
defendant,0.756603
defense,0.991062
definition,-0.145612
delay,-0.898004
delegate,0.38545
delegation,0.889714
delight,0.323998
delights,0.85525
delivery,0.808184
delta,0.148805
demo,-0.089372
democracy,0.030612
demolition,0.900509
demon,0.49023
demons,0.482201
den,-0.308311
dentist,0.919164
denver,0.792835
department,0.73749
depot,-0.155
depression,-0.171857
deputy,0.954399
derision,0.176471
descendant,0.656009
descendants,0.296912
descendent,0.502329
description,0.139547
desert,0.934286
desi,-0.989583
design,0.091498
designer,-0.490275
designers,0.46988
designing,-0.88218
designs,0.191539
desire,0.890791
desk,-0.354067
desktop,-0.345656
destination,0.818998
destiny,-0.106095
destruction,-0.757666
details,-0.180148
detainees,-0.990765
detection,0.946903
detective,-0.031163
detroit,0.708017
dev,-0.741176
developer,-0.379994
development,-0.271342
devil,0.275178
devotee,0.289127
devout,-0.609391
diabetic,0.353012
diamond,-0.298719
diamonds,-0.932075
diaper,-0.970435
diary,-0.459926
dick,0.607578
dicks,-0.072189
dictionary,-0.971674
die,-0.439934
diego,0.772663
diet,-0.624975
difference,0.931298
differences,0.164021
dildo,-0.917184
dildos,-0.593803
dime,-0.540044
dimensions,0.699115
dinner,0.50601
dinosaur,0.774892
diplomat,0.976722
director,0.628775
directory,0.115504
disappointment,0.603936
disaster,0.846977
disciple,0.872962
disco,-0.103858
discography,0.533512
discount,-0.582738
discounts,0.656898
discoverer,-0.256979
discovery,0.672378
disease,0.961121
disgrace,0.608242
disney,-0.748197
dispatch,0.142857
display,0.880309
distance,0.502064
district,-0.256705
diversity,0.818372
diving,-0.026801
division,-0.492546
doc,-0.4496
doctor,-0.249282
doctors,0.9821
document,0.569475
dodge,0.60803
dog,-0.624997
dogs,-0.621682
dogsex,-0.969383
doll,-0.92475
dollar,0.297813
dolls,-0.659586
dolphin,-0.766823
dom,0.009333
domain,0.841197
domination,-0.835758
donkey,0.22314
donor,0.620253
door,-0.119713
dope,0.73862
dork,0.706037
dorks,-0.543103
dorm,-0.790121
dot,0.023256
double,0.616602
doubles,-0.395193
down,0.380492
download,0.452302
downloads,-0.609892
downtown,-0.416342
dozen,0.573996
draft,-0.298635
drag,-0.958944
dragon,0.05359
drama,-0.671208
drawings,-0.612903
dream,-0.124877
dreamboat,-0.521739
dreamer,0.691814
dreams,-0.225168
dress,-0.653111
dresses,-0.966943
drinking,-0.674556
drinks,-0.520623
drive,-0.36
driver,-0.39012
drivers,0.98004
drug,0.64719
drugs,0.022514
drummer,0.955231
drunk,-0.769452
drunks,-0.876273
dublin,0.925077
duck,-0.784295
dude,0.403202
dumbass,0.682525
dummy,0.70463
dump,0.330973
duo,-0.438117
duos,-0.047923
dust,0.204482
dutch,-0.353624
duties,0.89546
duty,0.645779
duvet,0.25754
dvd,-0.051777
dvds,0.153046
dwarf,0.578275
dynamite,0.277955
eagle,0.337748
earrings,0.946811
ears,0.07604
earth,-0.874734
east,-0.9603
eater,0.194832
ebody,-0.122449
ebony,-0.907265
edge,0.026667
edinburgh,0.457399
edition,-0.686957
editor,0.646615
edmonton,0.750968
education,0.037814
educator,0.27893
effect,-0.964647
effects,-0.688201
effort,0.544681
efforts,0.665455
ejaculating,-0.24393
ejaculation,-0.789405
elder,0.222742
elders,-0.271429
election,0.253833
elector,0.218045
electronics,0.817693
element,0.157428
elements,0.61529
elephant,0.458091
elevator,0.715888
elf,0.252174
elfin,0.699482
elle,-0.270217
email,0.708218
embarrassment,0.668566
embassy,0.640831
embodiment,0.467476
embroidery,0.953414
embryo,-0.998152
emo,0.743412
employee,0.144939
employees,-0.991983
employers,0.976934
employment,-0.752031
enables,0.030303
end,0.657879
enemies,0.341278
enemy,0.854045
energy,0.355347
engagement,-0.15975
engine,0.111944
engineer,0.683856
england,-0.002118
english,0.039317
enigma,0.694048
ensemble,-0.880724
ensembles,-0.254321
entertainer,0.705854
entertainment,-0.34458
enthusiasm,-0.541053
entrepreneur,-0.628757
entrepreneurs,-0.979813
entry,0.407945
environment,0.940721
environmentalist,0.787115
envy,0.352518
episodes,0.817893
epitome,0.306234
epitomy,0.379953
equal,0.429749
equals,0.317739
equipment,0.568602
equity,0.81724
equivalent,0.411765
era,-0.264192
erotica,0.08098
erotikbondage,-0.350365
errand,0.912014
error,0.444712
errors,0.390535
escape,0.057339
escort,-0.653811
escorte,-0.913316
escorts,-0.584947
eskimo,-0.804554
essays,-0.482759
essence,0.342523
essex,0.457643
estate,0.541522
estrogen,0.529412
euro,-0.678057
europe,-0.813844
evangelical,-0.198185
eve,-0.977566
event,0.411296
events,0.79575
everyone,0.672544
everything,-0.18797
evidence,0.836735
evidences,0.315341
evil,0.826519
ex,0.468822
exam,-0.308192
example,0.377029
examples,-0.628458
exams,-0.892321
excel,-0.948923
exception,0.317379
excerpt,-0.091302
excess,-0.362416
exchange,-0.671976
exec,0.910011
executive,0.716591
executor,0.20944
exemplar,0.62807
exercise,-0.096977
exhibit,-0.164581
exhibitionist,-0.983407
existence,-0.148148
expeditions,0.377778
experience,-0.606404
experiences,-0.958269
expert,0.486239
exploit,0.758213
explorer,-0.978967
explorers,-0.899658
export,0.913935
expression,0.836576
expressions,0.431818
extension,0.426866
exterior,0.341837
extra,0.592076
extremist,0.862291
exudes,-0.687898
eye,0.37542
eyes,-0.952143
eyewitness,0.664507
face,-0.463318
faces,-0.320317
facet,0.063918
facials,-0.989308
facilities,0.892881
facility,0.495964
fact,0.538903
factor,0.826291
facts,0.107914
faculty,-0.834639
fag,0.356164
fail,0.799713
failure,0.734321
fairy,-0.710951
faith,-0.426068
fake,0.439775
falcon,0.53913
fall,0.111751
falls,0.418713
fame,0.887616
familienbondage,0.011364
families,0.735073
family,0.243706
familys,0.24359
fan,0.490815
fanatic,0.722841
fans,0.152805
fantasies,-0.665989
fantasy,-0.924726
farm,-0.585253
farmer,0.786829
farmers,-0.7796
fashion,-0.543702
fat,-0.946104
fate,-0.659306
father,0.214662
fathers,-0.167606
fats,0.312687
fav,0.440261
fave,0.206061
favorite,0.710959
favorites,0.700375
favourite,0.82554
fb,-0.848175
fbi,0.19685
fear,0.098567
feature,0.705085
features,0.108666
feeder,-0.834751
feel,-0.163891
feelings,0.678208
feet,-0.795604
fellow,0.616896
fellows,0.421203
felon,0.80458
female,-0.948673
females,-0.900523
femdom,-0.803261
feminist,-0.922318
fertility,-0.628223
fest,-0.739943
festival,0.365525
fetish,-0.319389
fi,0.975241
fiction,-0.861111
fide,0.857868
fiend,0.019943
fife,-0.388286
fight,-0.463873
fighter,0.044137
fighters,-0.900823
fighting,0.918282
figment,0.488095
figure,0.576996
figures,0.724304
figurine,-0.319423
figurines,-0.045007
files,0.461904
film,0.121663
films,0.28069
filter,0.411306
finalist,0.110537
find,0.860443
finder,0.869325
finger,-0.674899
fingers,-0.920572
fire,0.731168
firefighter,0.54375
fireman,0.157183
firm,0.871065
firms,0.465224
fish,0.487657
fisher,0.524051
fisherman,0.955095
fishhooks,0.259563
fishing,-0.871034
fishnet,-0.904899
fist,-0.021185
fisting,-0.599075
fit,-0.176367
fitness,-0.954118
fits,-0.444358
fixes,0.632959
fixture,0.630108
fl,0.009524
flag,0.788976
flake,0.196891
flash,-0.768187
flashers,-0.519716
flavor,0.109489
flavour,0
flesh,0.150586
flick,-0.966162
flicks,-0.962483
flighty,0.351351
floor,0.772071
florida,0.318532
flower,-0.938179
flowers,0.113031
flu,0.208462
fly,-0.368131
foal,0.209459
focus,0.122888
folk,-0.201835
follower,0.765792
font,0.161677
foo,0.119302
food,0.815834
foods,-0.210526
fool,0.789073
foot,-0.848061
football,-0.013204
footjob,-0.669675
footjobs,-0.480643
footsteps,0.603541
footwear,-0.217732
force,0.254987
ford,-0.517202
foreigner,0.557916
foreplaying,0.101276
forerunner,0.891892
forest,0.925359
fork,-0.905091
form,0.1908
formals,-0.153846
format,0.402174
forms,-0.356025
fortress,0.778426
fortune,0.255814
forum,0.207695
forums,0.72988
foster,-0.190138
foto,0.852581
fotos,-0.189043
foundation,0.283931
founder,0.692101
founding,0.868369
fountain,-0.260185
fountains,-0.863569
fox,-0.426024
fragrance,0.239828
fragrances,0.688021
frame,0.101235
franchise,-0.721357
francisco,-0.623216
fraternity,0.889046
fraud,0.604903
frauenebondage,-0.350365
freak,0.23526
freecock,-0.421222
freedom,0.845293
freepics,-0.86431
frees,-0.839812
freesex,-0.466667
freinds,-0.830381
french,-0.58927
frenzy,0.008584
freshman,0.270423
freshmen,-0.445196
friend,-0.190237
friends,-0.151644
friendship,0.12381
friendships,-0.333768
frog,0.733114
fruit,0.5
ft,-0.030657
fu,0.862774
fuck,-0.351573
fucker,-0.851634
fuckfest,-0.415755
fucking,-0.963197
fucks,-0.045431
fuel,-0.848214
fugitive,0.817406
fun,-0.565797
gadget,0.012346
galaxy,0.939458
galeries,-0.892432
galleries,-0.450906
gals,-0.820579
gambling,0.478922
game,0.56271
gamer,-0.383147
games,-0.065153
gamma,-0.989012
gang,-0.614637
gangs,-0.734826
gangster,0.411485
gap,0.222567
garage,0.226298
garbage,0.959289
gardener,0.601953
garment,-0.725775
garments,-0.778945
gas,-0.015367
gay,0.991175
gays,0.864123
gb,-0.851081
gear,-0.54326
geek,-0.236444
geeks,0.535043
gem,0.083425
gene,0.74141
general,0.789865
generation,0.627799
genitals,-0.378824
genius,0.833412
genocide,-0.625
genre,-0.024
gentleman,0.985739
gentlemen,-0.774809
geocities,-0.587678
georgia,0.175088
german,-0.726161
ghetto,-0.967309
ghost,0.550063
giant,0.823634
gift,-0.220016
gifts,0.033975
girl,-0.741952
girlfriend,-0.917613
girlfriends,-0.615858
girlie,0.199977
girls,-0.736426
giver,0.737288
globe,0.781931
glory,0.448257
glove,0.551447
gloves,-0.828571
glue,0.119835
glutton,0.813856
gm,0.984363
gnome,0.54433
goal,0.354654
goat,-0.379883
god,0.965253
gold,-0.309665
golfbondage,-0.350365
golfer,-0.915212
golfing,0.612091
goner,0.624721
goo,-0.497469
goods,0.618332
goth,-0.943141
government,0.967134
governor,0.775246
governors,-0.917966
grace,0.84418
grade,-0.10587
grades,-0.376097
graduate,0.041552
graduates,-0.903718
graduation,-0.416107
grandfather,0.945879
grandma,-0.451121
grandmother,-0.952937
grandparents,0.365591
grandson,0.25874
grannies,-0.917449
granny,-0.53762
graphics,0.822089
gras,-0.768789
grass,-0.089961
gratisbondage,-0.350365
gratuit,-0.482583
grave,0.348259
gravity,0.24424
greatsex,0.31134
greek,0.125998
green,0.930852
grils,-0.026358
groom,0.02571
group,0.182161
groupie,-0.07438
groupies,0.690722
groups,-0.257557
groupsex,-0.625954
grown,0.224776
gt,0.368527
guarantee,-0.194737
guardian,0.430332
guardians,0.098814
guess,-0.353267
guest,0.896652
guestrooms,-0.014199
guests,0.410697
guide,-0.061598
guides,-0.059315
guitar,0.721445
gun,0.707363
guns,0.154712
guy,0.644595
guys,-0.281561
gw,-0.004195
hack,-0.712131
hacker,-0.506311
hair,-0.594924
hairstyle,-0.54159
hairstyles,-0.264706
half,0.412735
hall,-0.14349
halliwell,-0.970096
ham,0.81157
hampshire,0.86064
hamster,-0.879915
hanai,0.849327
hand,-0.161364
handful,0.183721
handjobs,-0.949421
hands,0.331162
handyman,0.236111
happiness,0.569378
harbor,-0.368984
harcore,-0.26297
hardcore,-0.931186
harem,0.127485
harm,-0.564229
harvest,-0.349206
hat,-0.203578
hate,0.656463
hater,-0.084379
hats,-0.714657
hawaii,-0.402327
hawk,0.408367
hazara,-0.396396
head,0.470962
headboard,-0.15633
headboards,0.616546
headers,0.950066
headliner,0.786448
heads,-0.924543
healer,-0.087036
health,0.104922
heart,-0.125126
hearts,-0.412356
heathen,0.522267
heaven,-0.954325
heck,0.589848
heel,-0.82472
heights,-0.094907
heir,0.693149
heirs,-0.559902
hell,0.432937
help,-0.269299
hen,-0.976977
henry,0.212291
hentai,-0.996942
heretic,0.860515
hero,0.743688
heroes,0.966315
heroine,-0.9423
heros,0.794776
herpes,-0.308081
hetero,0.031662
high,0.379528
highland,0.086991
highlight,0.329163
hikers,-0.625
hill,-0.095684
hindu,0.168808
hip,-0.316327
hippie,-0.682927
hire,-0.890131
history,-0.286458
hit,0.11619
hitchhiker,-0.938751
hockey,-0.192038
hoe,-0.596052
holder,0.494357
hole,-0.813734
holes,0.116028
holiday,0.907734
hollywood,0.177625
hologram,0.151751
home,-0.40763
homecoming,-0.391505
homeowner,-0.269841
homepage,-0.07837
homepages,-0.554185
homes,0.774247
homeschool,-0.928349
homeschooling,-0.897571
hometown,0.35706
homosexual,0.673404
honey,0.034757
honor,-0.052133
honors,0.452899
honour,0.262899
honours,0.865766
hood,-0.728638
hoot,0.246084
hooter,-0.852389
hop,-0.938969
hope,0.879686
hopes,0.957053
horoscope,0.417631
horse,-0.95282
horses,-0.783403
hospital,-0.196256
host,0.555712
hostage,-0.418347
hostages,-0.686107
hosting,0.9433
hotel,-0.136597
hotels,-0.949701
hotter,-0.848385
hottes,-0.134545
hottie,-0.405289
hour,0.771539
house,0.301837
household,-0.387978
householder,0.318182
houses,-0.304942
housewife,-0.973355
housewives,-0.979253
houston,-0.33534
hubby,0.39777
hudson,0.159875
human,0.407387
humans,0.316667
humiliation,0.833943
hummel,-0.235294
humor,0.778003
humour,0.903562
hundreds,0.922946
hunger,-0.888282
hunk,0.825881
hunks,0.796245
hunt,-0.904014
hunter,0.9907
hunters,0.99717
hurricane,-0.322476
husband,0.594886
husbands,-0.375854
husker,0.15948
hustler,-0.370669
hybrid,-0.081818
hype,-0.913202
hypocrite,0.492423
ia,0.810164
ice,-0.040334
icon,0.552962
icons,0.993138
id,0.507298
idaho,0.595994
idea,-0.693098
ideal,0.918306
idealist,0.594395
identity,0.785104
idiot,0.693593
idol,0.533395
idols,-0.367909
ignorance,-0.772219
il,-0.548387
ill,-0.915257
illinois,0.687489
illustrator,0.679181
image,0.541094
images,-0.303065
immigrant,-0.409649
immigrants,-0.945856
impact,-0.891307
importer,0.825397
imposter,0.698034
impostor,0.742941
improvement,-0.757658
incarnation,0.517336
incest,-0.153249
incesthttp,0.076923
incesto,-0.678457
inch,-0.269561
inches,0.855319
income,-0.135107
independent,0.680203
index,-0.563053
india,-0.607138
indian,-0.999604
indiana,0.575847
indians,-0.114551
indication,-0.016667
indicator,0.489362
indie,0.305747
indigo,-0.940789
individual,0.434698
industries,0.658247
industry,0.838048
infant,0.418235
infertility,-0.589958
infidel,0.866267
inflation,-0.656863
influence,-0.328844
info,-0.555768
informant,0.465565
information,0.653489
informer,0.738806
inherit,-0.285266
initialization,-0.90099
initiator,0.761194
injection,-0.153333
ink,0.894789
inlaw,-0.643924
inmate,-0.000337
inner,-0.438088
inpatient,-0.367387
insect,0.229965
insertion,-0.537469
inside,0.275062
inspiration,0.225127
inspirations,0.533123
inspire,0.839412
instance,0.949321
instigator,0.425723
institution,0.921955
institutions,0.521805
instruction,-0.444444
instructions,0.79994
instructor,0.433149
instructors,-0.883117
instrument,0.75734
insulin,0.065421
insult,-0.213549
insurance,0.48711
int,-0.647427
integer,0.648649
intelligence,0.965152
intercourse,0.294012
interest,-0.293787
interests,-0.618271
intern,0.07324
internet,0.536731
interview,0.691835
interviewer,0.517448
interviews,0.946144
intrigues,-0.054545
introduction,-0.664307
intruder,0.748691
invalid,0.070566
inventor,0.93036
investigator,0.718395
investor,0.874029
investors,-0.397059
invitations,-0.356322
involvement,0.909134
iowa,0.169916
ipod,0.066427
iran,-0.886777
irc,0.746094
iron,0.6179
isbn,-0.841818
island,0.021574
islander,0.004739
issue,0.043495
issues,-0.584746
it,0.197291
item,0.447489
items,0.026039
ivory,-0.368932
jack,-0.670428
jacket,-0.409437
jackets,-0.315383
jacking,-0.743966
jackson,-0.95135
japenesse,-0.782946
jazz,0.622743
jeans,-0.366459
jerk,0.767846
jersey,-0.69175
jet,-0.509627
jewel,0.590698
jewelry,0.386182
job,-0.274308
jobs,-0.866657
jockey,-0.578313
jockstraps,0.861756
joe,-0.958763
johannesburg,0.46988
joke,0.080916
jokes,-0.684199
jones,0.709186
journalist,0.513993
journalists,-0.99378
journey,0.349955
joy,0.024456
judge,0.322473
judges,-0.857246
juice,0.828673
junction,0.163177
jungle,-0.872845
junior,0.240913
junk,0.833581
junkie,0.440073
junky,-0.085714
junta,0.768763
jurors,-0.849624
jury,0.9591
justice,0.666303
juvenile,0.747405
kansas,0.351146
karaoke,0.740778
keeper,0.399582
kelly,-0.931186
kernel,0.320491
key,0.93351
keys,0.884206
keywords,-0.743661
kick,0.190265
kid,0.641448
kidnap,-0.54878
kidnappers,-0.028986
kids,-0.294984
killer,0.03647
killers,-0.869227
kills,-0.136136
kind,0.498036
kinder,-0.22619
kinderbondage,-0.350365
kindergarten,-0.166667
king,0.87747
kingdom,0.583487
kiss,-0.18588
kissing,-0.94842
kitchen,-0.741305
kitten,0.177867
kiwi,-0.578813
knickers,-0.554483
knight,0.958841
knights,0.066576
knock,-0.823899
knockers,-0.939879
know,0.52963
knowledge,0.805537
kong,0.206067
kosovo,0.100775
kroatienbondage,-0.350365
kurbondage,-0.350365
kurzbondage,-0.350365
la,-0.009231
lab,0.845402
label,-0.438358
labourer,0.358684
lace,-0.467269
lack,-0.244755
laden,0.092672
ladies,-0.991461
lady,-0.972563
ladyboy,0.313745
ladyboys,0.664473
lake,-0.083558
laker,-0.531059
lamb,-0.028037
lamp,-0.381107
lan,0.929748
land,-0.446658
landscape,-0.628392
language,-0.051786
languages,-0.072649
latecomer,0.066667
latex,-0.936286
latin,-0.816944
latina,-0.973232
latinas,-0.592744
latino,0.382086
laugh,-0.670526
laundry,0.065924
laureate,0.022857
law,0.459535
lawyer,0.181785
lawyers,-0.978938
lay,-0.117878
laziness,-0.645777
lds,-0.846154
lead,0.583194
leader,0.722868
leaders,-0.944881
leading,-0.035085
leads,-0.98155
league,0.184546
lean,-0.717391
leap,0.755764
leather,-0.089388
lecturer,0.58438
led,0.607477
lee,0.945518
leech,0.144928
leftist,0.831776
lefty,0.757985
leg,-0.727737
legend,0.677951
legendary,0.613483
lego,0.916747
legs,-0.903448
leisure,0.258364
length,-0.08871
leper,0.830526
lesbian,-0.990828
lesbians,-0.939638
lesbiansex,0.219298
lesbos,-0.980796
lesson,-0.962691
lessons,-0.996006
letters,0.896392
level,0.580702
liaison,0.549377
liar,0.796031
liars,0.010883
liberal,0.625169
liberty,-0.92883
librarian,-0.753827
librarians,-0.853435
libraries,0.47651
library,0.191213
license,0.825641
lick,-0.18003
lie,-0.407059
lier,0.475655
lies,0.721752
life,-0.114801
lifeguard,0.212903
lifestyle,-0.747128
light,0.374671
lightning,-0.554545
likenesses,0.607843
lil,-0.719531
line,0.187801
lines,0.935808
lineup,0.840389
lingerie,-0.87925
link,0.716463
links,-0.135348
lion,0.903254
lions,-0.805687
lips,-0.840973
liquor,-0.833061
list,0.552105
listener,-0.018605
literature,-0.409091
livecam,-0.970712
lives,0.688623
lizard,0.970687
load,-0.139885
loads,0.350588
loan,0.429022
loans,-0.968829
lobbyist,0.546512
location,0.932435
locations,-0.567227
lodge,0.231317
lodger,0.332917
log,0.826723
logo,0.17338
logs,0.682642
lolitas,-0.959512
lollipop,0.952975
london,-0.815982
loner,0.648716
loo,-0.810039
look,0.138874
looker,-0.620581
looks,-0.842205
loon,0.308328
loser,0.778311
loss,-0.599413
lot,0.237903
lots,-0.488959
lottery,0.859414
louisiana,-0.123853
love,0.369253
lover,-0.168015
lovers,-0.818268
luck,-0.760773
lunatic,0.704461
lunch,-0.545621
lust,0.93897
luxury,0.533045
lycra,-0.670146
lyric,-0.758738
lyrics,-0.005474
ma,-0.293043
maasai,0.101874
machine,0.72503
machines,-0.050523
macro,-0.379722
madonna,0.794761
mafia,0.089134
mag,0.760944
magazine,-0.205745
magazines,-0.537732
magic,-0.220788
magician,0.818145
magicians,-0.191011
magistrate,0.180157
magnet,-0.521282
mags,0.740147
maid,-0.742929
mail,-0.297828
maine,0.006257
mainstay,0.667368
maintenance,-0.202376
major,0.836761
majority,-0.24341
make,0.854564
maker,0.807831
makers,-0.219048
makeup,-0.762509
malay,-0.925324
male,0.64845
males,0.307165
mall,0.085834
mama,-0.335683
mammaries,-0.367609
man,0.736773
management,0.903153
manager,0.659526
managers,-0.909012
manga,-0.99628
manhattan,-0.941147
maniac,0.71308
manifestation,0.620499
manufacturer,0.8397
manufacturing,0.65371
map,0.933086
march,0.153144
marcos,0.162791
mardi,-0.512408
marine,0.053472
mark,-0.969492
market,0.25076
marketing,0.847826
marks,0.187648
marlboro,0.902819
marley,0.604096
marriage,-0.740836
marshal,0.360825
mart,0.832549
martyr,0.647364
marvel,0.226957
maryland,0.56495
mascot,-0.77095
mask,0.659253
masochist,0.420719
mass,0.715398
massachusetts,0.442086
massage,0.625201
masses,-0.62963
master,0.77393
masterbating,-0.611528
masterbation,-0.095411
mastermind,0.902647
masters,0.537092
mastuerbation,0.30101
masturbate,0.126772
masturbation,-0.374792
masturbetion,0.042424
match,0.629233
mate,0.475325
material,0.709801
maternity,0.421569
mates,-0.523038
math,0.393665
mathematician,0.649698
matter,0.445803
mattress,0.222847
mattresses,0.223359
maya,0.313666
mayor,0.908036
mckenzie,0.49832
me,0.375732
mean,0.446468
means,0.724276
measure,0.86385
measurements,-0.83557
meat,0.971964
mechanics,0.315436
media,0.743437
medication,0.388197
medicine,0.887618
medium,-0.298578
meet,0.56147
meeting,0.734604
meetings,0.934965
mega,0.565012
megalomaniac,0.266667
melb,0.150685
melbourne,0.538437
mellon,-0.563329
mem,0.392713
member,0.31153
members,-0.838708
membership,-0.390775
memo,-0.265306
memories,-0.469929
men,-0.671994
menace,0.745005
mention,0.900383
mentor,0.622756
menu,0.86968
mercer,0.801253
merchandise,0.047561
mercy,0.215736
mess,0.009241
message,0.834577
messages,0.852503
messenger,0.09708
metal,0.794173
meter,-0.463592
method,0.930109
metro,0.908109
mexican,-0.434049
mexico,-0.174635
miami,0.159408
mice,0.095823
michigan,0.825316
microsoft,0.61366
mid,0.703436
middle,0.584367
midget,-0.190149
midgets,-0.431646
midwest,-0.227364
midwife,-0.681564
might,-0.032258
migration,0.834107
mike,0.810997
miles,0.251064
milfhunter,-0.997087
milfseeker,-0.795704
milfseekers,0.193333
militia,0.472
milk,-0.954485
mill,0.561212
miller,0.477331
million,-0.263625
millionaire,0.90742
millionaires,-0.425243
mills,0.479263
mind,0.115267
mine,0.724613
ming,0.754398
mini,-0.802097
minions,-0.009346
minister,0.891425
ministers,-0.922295
ministry,0.802207
minor,0.181673
minority,-0.030658
minute,0.47095
miracle,0.49208
mirror,0.566056
mischief,0.123967
misery,-0.900976
misogynist,-0.015291
miss,0.782686
mission,0.482496
missionary,0.595788
missouri,0.629697
mistake,0.585044
mix,0.751197
mixture,0.244037
mn,0.135338
mob,0.218045
mobile,0.736706
mobility,0.932994
mocha,-0.408423
mod,0.900262
model,-0.873382
models,-0.786527
moderate,0.565848
moderator,0.423858
mom,-0.702656
moment,-0.610123
momma,0.445087
mommy,-0.958482
moms,-0.948877
money,0.522611
monkey,0.720116
monkeys,0.554795
monster,0.061713
monsters,-0.789082
months,0.485271
mood,-0.040816
moon,-0.666716
morning,0.510177
moron,0.730454
mortal,0.722498
moslem,-0.60302
mother,-0.894195
mothers,-0.982389
motor,0.470401
motorcycle,-0.359274
motorcyclists,-0.728395
motorist,0.698697
mountain,0.986123
mountaineer,-0.061947
mouse,-0.314398
mouth,-0.718337
move,-0.837756
movement,-0.973236
mover,0.316239
movers,-0.643454
movie,0.197044
movies,-0.476259
mp,-0.152978
mp3,0.341965
mpeg,-0.778945
mpegs,-0.928257
mpgs,-0.704336
mps,0.585903
msn,-0.40239
mtv,0.914373
mu,0.223443
muggle,-0.033113
mulatto,-0.693993
multi,0.654135
multivitamins,-0.015152
mum,-0.173597
mums,0.673511
murderer,0.797101
murders,-0.03125
muscle,0.487616
muscles,0.415938
museum,-0.03271
music,0.553327
musician,0.682567
musicians,-0.591229
muslim,0.048077
must,0.437862
mutant,0.3868
mute,-0.836211
mutt,0.406593
mvp,0.923733
myself,0.146497
mysql,0.742995
mystery,0.673887
mystic,0.871951
myth,0.725055
mythology,-0.220753
myths,0.493506
nackte,-0.340426
nails,-0.711331
nake,-0.738911
name,0.748165
names,0.523384
namesake,0.166052
nanny,-0.863574
narcissist,0.744144
nascar,-0.0625
nation,0.950558
national,0.772787
nations,0.669022
native,0.377085
natural,0.267349
naturals,-0.754379
nature,-0.832337
naturists,-0.307406
navajo,-0.44
navy,0.728988
nazi,-0.049383
ncaa,0.953103
nebraska,0.471861
necessity,-0.979798
neck,0.235587
necklace,0.765543
necklaces,0.469388
neckline,-0.42
need,0.240099
needs,0.28015
negro,0.005574
neighbor,-0.15289
neighborhood,0.030159
neighbour,-0.207896
neither,-0.40404
neked,-0.052109
neo,0.875847
nephew,-0.732847
nerd,-0.444512
nerds,0.227017
net,0.387779
network,0.343802
newbie,0.728105
newborn,-0.225236
newcomer,0.110114
newlywed,-0.023018
news,0.701565
newspaper,-0.096076
nextdoor,-0.888112
niece,-0.854277
nigga,-0.960147
niggas,-0.903061
nigger,-0.3981
night,-0.634297
nightmare,0.289304
nights,-0.950739
ninja,0.715552
nipples,-0.931239
nixon,0.355895
noise,-0.895511
nomination,0.190677
nominations,-0.060577
nominee,0.367008
nominees,-0.123033
non,0.435831
none,0.486778
nonsense,0.316138
nordseebondage,-0.350365
north,0.079033
nose,0.799804
notch,0.341632
note,0.483607
notes,0.138188
notice,0.489076
novel,0.778338
novelist,-0.154793
novice,0.48725
nude,0.336253
nudepics,-0.375723
nudes,-0.649092
nudesex,0.353579
nudism,-0.620092
nudist,-0.678055
nudistpics,-0.548148
nudists,-0.780143
nudity,-0.690595
nuisance,0.00211
number,0.601036
numbers,0.833728
nun,-0.902778
nurse,-0.962477
nurses,-0.817798
nursing,-0.764165
nut,0.411708
nutcase,0.384375
nyc,-0.749648
nylons,-0.949722
oasis,-0.992907
object,0.557161
objects,0.527141
obsession,-0.686275
obstacle,0.242553
oc,-0.628059
occasion,0.591489
occupants,-0.142857
occupation,0.881731
off,-0.80011
offer,0.503497
office,-0.692077
officer,0.719799
officers,-0.183679
offspring,-0.79097
ohio,0.15697
oil,0.934708
old,0.702643
older,-0.841095
on,0.764006
one,0.06392
ones,0.219502
online,-0.867124
ontario,-0.148582
op,-0.62013
opera,0.61501
operative,0.148045
operator,0.470006
operators,-0.732702
opinion,0.049385
opponent,0.926194
oppress,-0.843746
optimist,0.869087
optimization,-0.56871
option,0.976681
options,0.823122
order,-0.046567
orders,0.664549
oregon,0.367852
organisation,0.403911
organisations,-0.070179
organist,0.534838
organization,0.070165
organizations,-0.276545
organizer,0.75689
orgasm,-0.942785
orgie,-0.788004
orgies,-0.926401
orgy,-0.649682
orientation,-0.205882
origin,0.955777
original,0.665185
originalist,0.447514
originator,0.786309
orleans,-0.188456
ornament,0.264875
orphan,0.263039
oshkosh,0.490281
osterbondage,0.011364
ostseebondage,-0.350365
others,0.294248
out,-0.718181
outcast,0.446411
outdoors,0.932773
outfit,-0.692308
outfits,-0.654596
outside,0.650549
outsider,0.504138
over,0.807302
overcoats,0.017341
overseas,0.246403
own,0.010371
owner,0.065266
owners,-0.807006
pacific,0.535022
pack,-0.104245
package,0.762192
pagan,0.935649
pain,-0.675936
painter,0.556384
painters,-0.963079
pair,0.113143
pajamas,-0.88774
pal,-0.032887
pals,-0.824051
panda,0.436735
panelist,0.238779
pansy,0.378446
pantie,-0.573264
panties,-0.823498
pantry,0.556575
pants,-0.21265
panty,-0.775274
pantyhose,-0.761622
paper,0.058758
paragon,0.491892
parasite,0.307061
parent,0.083688
parents,-0.266221
parishioner,-0.04797
park,0.57278
parlance,-0.097345
parrot,-0.126492
part,0.441428
participant,0.336904
participants,-0.623229
particle,0.384248
parties,0.705053
partner,0.506151
partners,-0.585517
partnership,0.221526
parts,0.351909
party,0.182461
pass,0.707621
passenger,-0.209686
passengers,-0.894737
passion,-0.32834
password,0.85
pastor,0.715833
pastors,-0.213836
patch,0.354152
patient,0.405863
patients,0.526802
patron,0.189838
pattern,0.897436
pauschalbondage,-0.350365
pawn,0.08744
pay,0.794872
pcd,0.784336
pea,-0.991186
peace,-0.83
peach,-0.943085
pearl,0.569657
peasant,-0.74077
pedophile,0.961109
pee,-0.803501
peeing,-0.671787
pen,-0.968239
penalty,-0.961004
pendant,-0.917237
penetration,-0.795476
penguin,-0.05346
penis,0.308354
pennsylvania,0.565836
pension,-0.823813
pensioner,0.77496
people,-0.699831
pep,-0.239766
pepper,-0.230769
percent,-0.294134
percentage,-0.668148
perfection,0.305699
perfectionist,0.40781
performance,-0.098754
performer,0.15154
performers,-0.75859
perfume,-0.101337
perfumes,-0.82278
permission,0.170761
perpetrator,0.492916
person,0.401979
persona,0.665884
personality,0.687732
personals,-0.146311
personification,0.290872
persons,-0.292887
pest,0.873289
pet,-0.4365
pg,0.197761
phantom,0.286598
pharmacist,0.73056
pharmacy,-0.271481
phenomenon,0.607889
phentermine,-0.036392
pheromone,0.070714
philipino,-0.969886
philosopher,0.984613
philosophers,-0.949411
philosophy,0.402871
phoenix,-0.136612
phone,-0.787638
phones,-0.475728
phony,0.805096
photo,-0.223358
photoes,-0.935137
photographer,0.464121
photographers,-0.95029
photographs,-0.757735
photography,-0.577789
photos,-0.53362
php,0.256719
physician,0.342004
pi,0.61039
pianist,-0.10372
pic,0.02657
pichunter,-0.879229
pick,0.553738
pickle,0.27193
pics,-0.408298
pict,-0.135135
picters,-0.376313
picts,-0.398117
pictuers,-0.948234
pictues,-0.042714
picture,0.008499
pictures,-0.557156
pie,-0.57677
piece,-0.03901
pieces,-0.721612
pig,-0.136263
pigs,0
piker,0.328767
pile,0.169524
pilgrim,-0.87289
pilgrims,-0.747292
pill,0.983361
pillar,-0.383825
pillowcases,0.777614
pills,-0.123063
pilot,0.402131
pimp,0.523897
pioneer,0.599874
pirate,0.074095
piss,-0.79713
pissing,-0.581148
pit,0.942387
pitcher,0.299774
pix,-0.383072
pixs,-0.928381
pizza,0.865095
place,-0.288497
placements,-0.587393
places,-0.063136
plague,0.425532
plain,0.549806
plainclothes,0.892161
plan,-0.616165
planet,-0.955794
plant,0.688197
platform,0.932243
play,-0.130808
playboy,-0.272588
player,0.143943
players,-0.529179
playoff,0.600183
plays,-0.054818
playwear,-0.070513
playwright,0.200578
pleasure,-0.053588
pleasures,-0.415789
plot,-0.049697
plumber,0.473767
plus,0.652812
pm,0.590196
pocket,0.862172
podcast,0.525822
poem,-0.981623
poems,0.228964
poet,0.16308
poetry,-0.049837
poets,-0.96005
point,0.475576
pointer,-0.286632
points,0.611041
poison,-0.222912
poker,0.972398
polaroids,-0.535581
police,0.314045
policies,0.032381
policy,0.754474
politician,0.882596
politicians,0.98344
politics,-0.729271
polo,-0.615014
pony,-0.56169
poodle,0.316062
pool,-0.175923
poor,0.611704
pop,0.570662
population,0.937249
porn,-0.462111
porno,-0.483653
pornography,-0.484066
pornos,-0.609993
portal,-0.726842
portland,0.635549
portrait,-0.706326
portraits,-0.470892
poser,-0.220367
poses,-0.863336
posing,-0.8793
position,-0.082265
possessions,-0.376404
possessor,0.8
post,0.483977
postcard,-0.763804
poster,-0.135459
posters,-0.491914
posts,-0.20544
pot,0.451282
potato,0.006816
potter,0.956077
pound,-0.670352
pounds,0.260714
poverty,-0.35905
power,0.183204
powerhouse,-0.215116
powers,0.798403
pr,0.706767
practitioner,0.612346
prairie,-0.772595
pre,0.376539
preacher,0.74372
preachers,-0.608871
predator,0.793184
predecessor,0.1875
preemie,-0.139241
pregnancy,-0.528163
pregnant,-0.914068
premium,-0.93274
preschool,-0.627981
preschooler,-0.163347
prescription,-0.640406
present,0.609156
presentation,0.918283
presenter,0.284385
presents,-0.467438
president,0.544514
presidents,-0.925896
pressure,0.901701
preteen,0.954269
preteens,-0.686362
pretext,0.226519
prevent,-0.597289
preview,-0.581342
prey,0.429759
price,-0.917215
pride,-0.24013
priests,-0.858374
principal,0.698299
principle,0.679012
print,0.129361
prints,-0.38292
priority,0.369321
prison,-0.765896
prisoner,0.438057
prisoners,0.98605
prize,-0.204903
prizewinner,0.272152
pro,0.709738
probe,0.78375
problem,0.546265
problems,-0.016044
procedure,-0.242382
prodigy,-0.038911
producer,0.469371
producers,-0.962729
product,0.02776
production,0.440058
productions,0.689642
products,-0.863786
professional,0.33337
professionals,-0.93684
professor,0.712739
profile,0.145126
profiles,-0.586296
profit,-0.800779
program,0.630797
programme,0.795104
programmer,0.931642
programmes,0.430611
project,-0.711403
projects,-0.62412
prom,-0.4081
promise,0.36828
promo,0.63878
prono,-0.671113
pronstar,-0.117188
proof,0.313998
propagandist,0.329193
properties,-0.526389
property,-0.515113
prophet,0.946812
proponent,0.777518
proposal,0.924937
proprietor,0.839096
props,0.759825
pros,0.273486
prosecutor,0.669007
prospect,-0.933518
prospects,-0.670608
prostitute,-0.964074
prostitutes,0.682965
protagonist,0.377939
protection,0.010348
protector,0.904176
protectors,-0.558867
protege,0.804223
protesters,-0.28176
protests,0.842644
proto,0.324138
providence,0.419979
provider,0.983054
psychiatrist,0.902753
psychic,-0.254826
psycho,-0.382545
psychologist,0.146199
puberty,-0.222222
publicity,0.770197
publisher,0.526083
puff,-0.435429
pug,0.952284
puma,0.883311
pumpkin,-0.439377
punishment,-0.741803
punk,-0.469089
pup,0.197072
pupil,0.561798
puppet,0.947842
puppets,-0.097345
puppies,-0.316667
puppy,-0.183372
purchase,-0.157633
purchaser,-0.521951
purpose,0.617932
purse,-0.322436
purses,-0.94062
pushover,0.222453
pussies,-0.948009
pussy,-0.931916
puzzle,-0.612085
pvc,-0.349501
pyjamas,-0.384261
quadroon,-0.299663
quads,-0.37883
quake,0.919505
quaker,-0.483531
quality,-0.263707
quarter,-0.275078
quarters,-0.063134
quasi,0.428571
quechua,-0.223986
queen,-0.523614
queers,-0.264957
queries,-0.969201
quest,-0.188976
question,0.732729
questions,-0.007143
quilts,-0.121726
quiz,0.768459
quotes,0.24781
rabbit,-0.772397
race,0.383835
racer,-0.24539
races,0.938949
racist,0.750071
radio,0.748134
rag,-0.331852
rage,0.90408
rail,0.474522
rain,-0.281232
rajasthani,-0.585308
rake,-0.392055
rams,0.760911
range,0.940665
rank,0.91925
rap,0.855936
rape,-0.582225
raper,-0.39726
raping,0.891853
rapper,0.79185
rarity,0.062112
rat,0.466941
rating,0.821601
ratio,-0.707823
rats,-0.60995
rave,-0.164835
ray,-0.42446
rc,-0.267914
reaction,0.911877
reactions,0.952118
read,-0.148011
readers,-0.91417
readings,-0.565371
realist,0.843732
reality,-0.927844
reason,0.180484
rebel,0.385073
rebels,0.281419
reception,0.723626
recipes,0.067265
recipient,0.39741
recipients,0.012552
recluse,0.668801
reconciliation,0.188119
records,-0.369088
recovery,0.604
recruitment,-0.921704
red,0.595389
redhead,-0.968843
redheads,-0.950421
redneck,-0.252464
reel,-0.526087
reference,0.758031
referrals,-0.860465
reflection,-0.224422
refugee,-0.422011
regent,0.407708
reggae,-0.299725
region,0.406061
registers,-0.346032
regular,0.560416
reincarnation,0.336583
reiterbondage,-0.350365
relation,0.371928
relations,0.697
relationship,-0.080715
relationships,-0.239666
relative,0.377275
relatives,-0.018074
release,-0.376994
relief,-0.76338
relocations,0.233645
reminder,0.294509
remix,-0.034042
renaissance,0.763733
reno,0.350122
rentals,0.050633
repair,0.246173
replica,0.975719
replicant,-0.262338
replies,0.93895
report,0.527707
reporter,0.025437
reporters,-0.965685
reports,0.032174
repository,0.922967
represent,0.828821
representation,-0.868669
representative,0.669864
representatives,-0.928373
republic,-0.746119
rescue,-0.090795
research,0.637819
researcher,0.521924
researchers,-0.9733
reseller,0.992058
resident,0.375174
residents,-0.536993
resin,-0.871826
resolution,0.621641
resort,-0.449813
resorts,-0.773823
resource,0.92366
resources,0.415373
respondent,-0.363057
response,0.079066
responsibilities,0.792023
responsibility,0.285432
rest,0.649895
restaurant,-0.78972
restaurants,-0.876333
result,0.149154
results,0.697811
retard,0.550327
return,0.816849
reunion,0.401107
revenge,-0.848358
revenue,0.179167
reverse,0.710197
review,0.725356
reviewer,-0.089041
reviews,0.736282
revolution,-0.297003
rhythm,-0.587423
rice,0.503876
rich,0.026316
rico,-0.440389
rider,0.98165
rides,-0.761576
ridge,-0.314759
riding,0.647307
rifles,-0.073171
right,-0.023121
rights,0.045457
ring,-0.210317
ringer,0.30303
rings,0.097022
ringtone,0.326805
ringtones,0.765217
riot,0.283624
rip,-0.047503
risk,-0.205219
risks,0.334873
rival,0.584591
river,0.056721
road,0.518478
robber,0.897557
robot,-0.052782
robots,0.717922
rochester,0.249336
rock,0.70314
rocker,0.36562
rocket,0.927007
rocks,0.850883
rodeo,-0.74026
role,0.176946
roleplay,-0.725389
roles,0.423241
rolex,-0.958736
roll,-0.040597
rolla,0.048077
roller,-0.568938
roma,-0.644453
roman,0.954613
romance,0.290527
roms,0.838686
rookie,0.944984
room,-0.352426
roommate,0.87767
rooms,0.445665
root,0.565551
roots,-0.796576
rover,-0.515924
row,0.049697
rubber,-0.573691
rule,0.874897
ruler,0.655348
rulers,0.25066
rules,0.953823
run,0.942906
runaway,-0.684385
runner,0.290474
running,0.51787
runt,0.364845
rush,-0.128
sa,-0.960533
sack,0.609883
saddams,-0.281356
safety,-0.350649
sage,0.736493
sailor,-0.683161
sailors,-0.607582
saint,0.255927
sale,-0.807043
sales,0.264401
salesman,0.886994
salon,-0.831776
saloon,0.60452
salsa,-0.811765
salt,-0.064579
salvation,0.78634
sample,-0.182946
samples,-0.619489
sandal,-0.284894
sandals,-0.537339
sandwich,0.956629
sapphire,-0.723404
saskatchewan,-0.028828
satellite,0.262636
satisfaction,-0.460317
saw,0.408488
scale,-0.085106
scallops,0.005215
scam,0.64065
scammer,0.341198
scams,-0.946719
scapegoat,0.767123
scarecrow,-0.348571
scarf,-0.930142
scat,-0.776709
scene,-0.829572
scenes,-0.775459
scheming,0.128463
scholar,0.510955
scholars,-0.852754
school,-0.26881
schoolboy,0.29771
schoolgirls,-0.479429
schooling,-0.845806
schools,-0.1954
schoolteacher,-0.004082
schwedenbondage,-0.350365
science,-0.318282
scientist,0.15961
scientists,-0.959059
scion,0.737769
scissor,-0.959164
scissors,-0.000672
scoop,0.94321
score,-0.128713
scorpio,0.285176
scots,-0.640303
scout,0.062918
scouting,-0.044892
scouts,0.138095
scream,-0.644037
screen,-0.21453
screening,0.732759
screensaver,-0.865233
screensavers,-0.450005
screw,-0.589873
script,0.213915
scripts,0.530522
scrubs,-0.909189
sculptor,0.201711
sea,0.471033
seal,0.977944
seals,0.933333
search,-0.477328
season,0.28548
seating,-0.013774
seattle,0.764985
secretaries,-0.847826
secretary,-0.719573
secrets,-0.30658
section,0.011949
security,0.816498
seduces,0.508969
seduction,0.42743
seed,0.837713
seeds,0.485632
seeker,-0.982338
seekers,-0.980192
segelbondage,-0.350365
self,0.208258
sell,-0.001259
seller,0.019857
semen,-0.016529
semi,0.471429
semifinalist,0.182432
seminole,-0.362256
senator,0.975892
senior,0.58015
sense,0.355263
series,-0.135241
servant,0.146543
servants,-0.223593
server,0.861312
servers,0.982221
service,-0.330091
services,-0.258056
session,0.103302
set,0.320326
sets,0.021551
seventeen,-0.791123
seventies,-0.490291
sex,-0.374314
sexbondage,-0.351548
sexcam,-0.924414
sexo,0.072437
sfo,-0.406061
shadow,0.6226
shadows,-0.048544
shaman,0.950178
shame,0.571429
shape,-0.230605
shapes,0.013575
share,-0.86786
sharing,-0.883847
shark,0.560494
sheep,0.475694
sheet,0.043466
sheets,0.020705
sheik,-0.034483
shell,0.772358
shemale,-0.814551
shemales,-0.406486
shepherd,0.696706
shia,-0.245601
shield,0.338453
ship,-0.950029
shipping,0.810039
shirt,0.500594
shirts,0.138638
shit,-0.565737
shoe,0.469284
shoes,-0.011291
shoo,0.261953
shoot,-0.822195
shop,0.283434
shopping,0.029979
shops,-0.109725
shorts,0.698591
shot,0.608268
shotgun,0.587031
shots,-0.952872
shout,0.225806
show,0.460434
shower,-0.83862
showers,-0.64015
shows,-0.602463
side,0.253933
sides,-0.244444
sideshow,-0.343915
sight,-0.133478
sign,0.260694
signature,0.150877
signs,-0.69395
sikh,0.063032
silver,0.72486
simpleton,0.433836
simpson,-0.911028
sin,0.949463
singer,-0.291441
singers,-0.825096
singing,-0.907445
singles,-0.415183
sinner,0.543274
sis,-0.960465
sissy,0.929019
sister,-0.346067
site,-0.393557
sites,-0.847225
situation,0.932685
size,-0.027264
sizes,0.099591
skater,0.826374
skibondage,-0.350365
skiing,-0.123542
skills,0.153386
skin,0.793464
skinhead,-0.080302
skirt,-0.460587
skirts,-0.975389
skull,-0.213115
sky,0.522
slave,-0.373777
slavery,0.028078
slaves,-0.71031
slayer,-0.501144
sleep,-0.446881
slip,0.249258
slipper,-0.692843
slippers,0.088053
slob,0.784994
slouch,0.53309
slut,-0.972539
sluts,-0.914937
slutts,0.028902
smell,0.258182
smiles,-0.418333
smith,-0.758117
smoke,-0.843339
smoker,0.039328
smokers,-0.936914
smoking,-0.936365
snake,0.007747
snakes,0.954845
sneakers,0.25731
snitch,0.765458
snob,0.068634
snooker,0.918614
snow,0.58626
snowboarding,0.109662
snowman,-0.91
soap,0.902974
sob,0.564626
soccer,-0.179527
socialist,0.925926
socialite,-0.715796
societies,0.833635
society,0.502806
sociopath,0.864431
socks,-0.504675
sofa,-0.868301
softball,-0.849591
softcore,-0.928089
software,0.764921
soldier,0.595982
soldiers,-0.381316
sole,0.693944
solicitor,0.438721
soloist,0.475823
somali,-0.380395
some,0.143603
sommerbondage,-0.350365
son,0.68296
song,0.03237
songs,0.5209
songwriter,0.579293
sons,-0.256178
sophmore,0.104972
sophomore,0.0626
soprano,0.938992
sorority,-0.971547
sort,0.540262
soul,0.793234
soulmate,0.579245
sound,0.62963
soundtrack,0.784088
soup,-0.970171
source,0.589244
sources,0.917178
south,-0.285881
space,0.056738
spacing,0.875259
spammer,0.942065
span,-0.808732
spanking,-0.486359
spark,0.12963
sparta,-0.137255
spartan,0.010335
spawn,0.657782
speaker,0.518889
speakers,-0.164753
specialist,0.359815
specials,0.253425
specialty,0.636364
species,0.756338
spectacle,0.141414
spectators,-0.592775
speeches,0.783752
speed,0.114079
speedo,0.507102
spell,0.328835
sperm,0.296532
spice,-0.96569
spider,-0.141657
spiders,-0.978545
spiel,-0.827482
spies,-0.384183
spirit,0.135819
spokesperson,0.260051
sponsor,0.931915
spoon,0.133858
sport,-0.288327
sportbondage,-0.350365
sports,-0.635062
sportswear,-0.184123
spots,0.532508
spouse,0.146164
spread,-0.767587
spreads,-0.962382
spring,0.510826
springs,0.350601
sprinter,0.502183
spy,-0.652326
spycam,0.222533
sql,-0.928083
squad,0.254578
squads,-0.649315
squid,-0.0625
squirter,-0.989402
ss,0.990256
stabs,-0.102533
stadium,0.456934
staff,-0.286573
staffs,0.096154
stage,-0.005857
stalker,0.02202
stallion,0.869873
stance,0.859915
stand,0.218306
standard,0.84886
standout,0.561853
staple,0.699454
star,-0.102572
stars,-0.297964
state,0.362727
stateroom,0.552335
states,0.270888
station,-0.919139
stations,-0.878788
statistics,0.116635
stats,-0.18958
statue,-0.116466
stature,-0.446809
status,0.780441
stay,-0.637764
std,-0.200501
steal,-0.233813
stem,-0.11215
step,0.266927
stepmother,-0.794466
stern,-0.644499
stick,0.980817
stickler,0.369279
sticks,-0.528609
stock,-0.651303
stockbroker,0.81084
stomach,-0.626891
stone,0.196075
stones,-0.690049
stooge,0.780776
store,-0.435312
stores,-0.286586
stories,-0.483277
story,-0.119095
storys,0.783344
storyteller,0.868132
stout,0.306904
str8,0.475862
straight,0.500251
strains,0.94252
stranger,0.555619
strangers,0.469136
strap,-0.619252
strapon,-0.947388
strapons,0.128587
straps,-0.839367
straw,0.98965
stray,0.098532
stream,0.10084
street,-0.686705
streetcar,-0.402985
strength,-0.255446
stress,-0.8157
stretch,-0.5902
strike,-0.098039
string,0.199204
strings,-0.945736
strip,-0.702428
stripper,-0.852237
strippers,-0.471475
strips,-0.912313
stroke,-0.626087
struggle,0.714638
stub,-0.808371
stuck,-0.426791
stud,0.582837
student,0.297138
students,-0.829191
studies,-0.745948
studio,0.894701
studs,0.941553
study,-0.029854
stuff,0.001206
stunt,0.25771
style,0.422839
sub,0.696217
subject,0.47541
subjects,-0.173554
sublimedirectory,0.769862
submission,0.631124
subscriber,0.790757
substance,-0.67619
substitute,0.679181
success,-0.087874
successor,0.941786
suck,-0.778458
sucker,0.365602
suckers,-0.019275
sucking,-0.180985
suffrage,-0.15
sugar,-0.505277
suggestion,-0.224615
suicide,-0.711864
suit,0.347497
suite,0.439719
suites,0.536026
suits,-0.376823
sum,-0.079675
summary,-0.158824
summer,-0.682521
summon,0.32549
sun,0.417329
sunday,0.397695
sunglasses,0.204997
sunshine,-0.078156
super,0.439201
superhero,0.136652
superintendent,0.946014
superior,-0.848892
superstar,0.403885
superstars,0.365228
supervisor,0.394464
suppliers,0.523404
supplies,-0.099038
support,0.266469
supporter,0.688917
supporters,-0.09214
supports,0.570513
surf,-0.237082
surfer,-0.287927
surgeon,0.644195
surprise,0.345566
surrogate,-0.482342
survey,-0.166958
survival,-0.971266
survivor,-0.013772
survivors,-0.531379
suspect,0.618525
suspects,0.267974
sustainer,-0.380117
swapping,-0.977261
sweatshirt,-0.177238
sweeper,-0.602067
sweetheart,-0.084903
sweetie,-0.033744
sweetness,0.061224
swim,-0.419917
swimmer,-0.471646
swimming,-0.47616
swimsuit,-0.724261
swimwear,-0.926733
swing,-0.066667
swingerbondage,-0.350365
switch,0.788446
switching,0.750789
symbol,0.184165
symbols,-0.205937
symptom,-0.184268
symptoms,-0.466214
syndrome,-0.091552
syntax,0.717431
table,0.906331
tables,0.909248
tags,-0.669706
tail,-0.223702
tailor,0.308057
tailors,-0.367232
taiwan,0.924967
tale,-0.599298
talent,0.588986
tales,0.002096
taliban,0.991438
talk,-0.322411
tamil,-0.266644
tango,-0.192708
tanner,0.793765
tape,-0.668078
target,0.474289
targets,-0.525666
taste,-0.345656
tasting,0.197995
tattoo,-0.969557
tattoos,-0.912126
tauchbondage,-0.350365
taurus,0.268704
tax,0.637576
taxi,-0.564501
taxis,-0.076923
taÃ±ca,0.545961
tea,-0.578188
teacher,-0.278203
teachers,-0.994925
team,-0.113995
teammate,0.802109
teams,-0.019557
tears,0.672584
tech,0.33097
technician,0.203285
techniques,-0.847556
techno,-0.369514
teen,-0.84053
teenage,-0.65096
teenager,0.119393
teens,-0.890327
tees,-0.94969
telephone,0.807471
television,0.740561
template,0.766423
temple,-0.280824
tenant,0.983954
tennage,-0.537009
tennessee,0.332441
tennis,-0.695597
term,0.654329
termite,-0.874532
terrier,0.572327
terror,0.833119
terrorism,0.7867
terrorist,0.776802
terrorists,-0.578391
test,0.029032
testament,0.862269
testosterone,0.456522
tests,-0.034483
texas,0.028359
text,0.917834
tgp,0.18345
thai,-0.805975
thanks,0.432306
that,0.203605
the,-0.027523
theater,0.657498
theatre,0.666667
thehun,-0.477737
them,0.374282
theme,-0.229562
themes,-0.46289
themselves,0.818815
theology,0.894737
theory,0.727839
these,0.542657
they,0.651541
thief,0.707728
thine,0.720401
thing,0.358573
things,0.622649
thinking,0.579194
thongs,-0.824237
thorn,0.332746
those,-0.749434
thou,0.644547
thought,-0.611274
thoughts,0.201923
thousands,0.953269
thread,0.075922
threat,0.753527
threesome,-0.926923
threesomes,-0.931819
throw,-0.5
throwback,0.868756
thug,0.691272
thumb,0.075705
thumbnail,-0.538292
thumbnails,-0.713388
thumbs,-0.711183
thumbzilla,-0.803361
tibetan,0.730189
tickets,0.931199
tie,0.825187
ties,0.31569
tiffany,-0.139051
tiger,0.668896
time,-0.216738
timer,0.360281
times,0.539535
timing,-0.197874
tip,0.377586
tips,-0.534368
tissue,0.908694
titans,-0.87046
title,-0.045372
tittenbadebondage,-0.350365
tn,0.476395
toad,-0.637908
toast,0.024157
today,0.331573
todays,-0.937995
toddler,-0.187918
toe,-0.944222
toes,-0.966803
tokyo,-0.612552
tommy,0.717271
tomorrow,-0.305455
tone,0.44579
tool,0.503109
tools,0.978421
toon,-0.871855
toons,-0.512774
top,0.103505
topic,0.577982
topples,-0.235623
toronto,0.124673
torture,-0.665781
tot,-0.019011
total,0.425982
tough,0.406636
tour,0.109382
tourist,-0.059175
tournament,0.929469
tours,-0.782308
tower,0.590164
town,0.102709
township,0.445607
toy,0.30259
toys,0.196385
traceroute,-0.978732
track,-0.69378
tracker,0.55144
trader,0.536869
traffic,0.745384
tragedy,0.013699
trailblazer,-0.25
trailer,-0.221411
trailers,-0.954474
train,0.806795
trainee,0.348101
trainer,0.146303
trainers,0.07037
training,-0.346051
traitor,0.729259
tramadol,0.043817
tramp,-0.805696
trannies,-0.974632
tranny,-0.664003
trans,-0.680693
transexual,0.352855
transexuals,0.066789
translator,0.357493
transplant,-0.242321
transsexual,-0.972623
transsexuals,0.099498
transvestite,0.868812
transvestites,0.059769
trapeze,-0.942197
trash,-0.006894
traumbondage,-0.350365
travel,0.365042
traveler,-0.462736
travelers,-0.878072
traveller,-0.61161
travellers,-0.974083
treasure,0.13031
treasurer,0.53022
treasures,-0.186813
treat,0.292715
treatment,-0.650452
tree,0.458424
trek,0.761317
trial,-0.984254
tribe,0.633362
tribute,0.226814
trick,-0.564434
trip,0.089402
trips,-0.385827
trojan,0.437648
troll,0.897358
trooper,-0.116043
trophy,-0.360581
trouble,0.157025
troublemaker,0.628426
troupe,-0.647127
trousers,0.056772
truck,0.847047
trucker,0.108911
trust,0.655394
trustee,0.569256
truth,0.55625
tryst,-0.604938
ts,0.567038
tudor,0.458694
tug,0.480769
tugjob,-0.657309
tugjobs,-0.727626
turbine,-0.256637
turk,0.724599
turn,0.294619
turns,0.269377
turtle,-0.834141
tutor,0.773541
tutsi,-0.601522
tuxedo,0.942685
tuxedos,0.720467
tv,0.522651
twat,0.469669
tween,-0.284941
twin,-0.06952
twink,0.941953
twins,-0.603171
tx,-0.020408
tyco,0.016018
type,0.457547
types,0.61954
tyrant,0.945978
uconn,-0.094017
uggs,0.359127
uighur,0.016205
uk,-0.280394
ultra,0.7216
uncle,0.982593
under,0.725118
underage,-0.598245
undergrad,0.311828
undergraduate,0.348159
underground,0.042735
understatement,-0.329004
understudy,0.362069
underwear,-0.094679
underworld,-0.790984
uniform,-0.894212
uniforms,-0.974695
union,0.860448
unit,0.910899
unite,0.081611
units,0.098677
universe,0.608838
university,0.376378
unknown,0.688653
up,-0.549143
update,0.405352
upsikirt,-0.68231
upskirt,-0.698435
upskirts,-0.638417
urge,0.127675
url,0.750494
us,0.375356
usa,0.096764
user,0.24617
users,0.342407
usf,-0.166602
usher,-0.227182
uw,0.249598
va,-0.490446
vacation,-0.941043
vagina,-0.786348
valedictorian,-0.289003
valley,-0.322175
vampire,0.063314
variety,-0.232323
varsity,0.184524
vegan,0.609403
vegas,0.205288
vegetable,-0.272727
vegetarian,0.043441
vehicle,-0.5
ventriloquist,-0.18239
version,0.119655
vessel,-0.377246
vessels,0.071429
vest,0.09281
vet,0.557242
veteran,0.620427
veterans,0.98306
viagra,-0.939142
vibrator,-0.851863
vibrators,-0.84402
vice,0.835542
victim,0.184426
victims,-0.754927
victors,-0.168831
victory,-0.576037
video,-0.041831
videochat,-0.850877
videoclip,0.106667
videos,-0.452951
vidoes,-0.326308
vids,-0.603261
vietnam,0.489449
vietnamese,-0.604667
view,0.724903
views,0.238656
viking,0.721698
villa,0.818031
village,-0.121111
violence,-0.7804
violinist,0.221569
vip,0.474836
virgin,-0.75825
virgins,-0.664586
virtuoso,0.811024
vision,0.06068
visit,-0.86872
visitor,0.071261
visitors,0.653665
vitamins,0.158798
vocalist,-0.657005
voice,0.30404
voices,-0.271415
volcano,-0.155556
volleyball,-0.873079
volume,-0.855899
volunteer,0.211168
volunteers,-0.796475
voodoo,-0.309114
vote,0.844353
votes,-0.263158
vouyer,-0.801368
vow,-0.368889
voyeur,-0.88521
voyeurweb,-0.521241
voyuer,-0.702991
wac,-0.030303
waiter,0.862715
walk,0.283765
wall,0.883364
wallet,0.382094
wallets,-0.184311
wallpaper,-0.632792
wallpapers,-0.751167
wanderbondage,-0.350365
wannabe,-0.256363
want,-0.157895
wanton,0.103334
war,0.65963
ward,-0.030303
warning,0.455096
warrior,-0.289529
washington,-0.200552
waste,0.567102
watch,-0.162136
watcher,-0.979068
water,-0.547999
wax,-0.252174
way,0.28026
wayne,-0.00365
ways,-0.444098
wb,-0.058824
wealth,0.812981
weanling,-0.1
wear,0.603672
weather,0.471098
weaver,0.636511
webcam,-0.957122
webcams,-0.76472
weblog,0.838424
webmaster,-0.265275
website,-0.054701
wedding,-0.035573
weddings,0.885343
weed,-0.29678
week,-0.109785
weekend,-0.760049
weight,-0.253018
weirdo,0.49065
well,0.773215
wellnessbondage,-0.350365
wemen,-0.044051
werewolf,0.563736
west,-0.616835
wetlands,-0.911111
wetsuit,-0.112605
wheaton,0.003435
which,0.129279
whig,0.821157
whipping,-0.941358
whistle,-0.548638
white,0.679765
whites,-0.013597
whiz,0.434464
who,0.414633
whore,-0.729014
widow,-0.965739
widower,0.872787
wife,-0.697638
wig,-0.323497
wigs,-0.676502
wildlife,-0.055249
wildsex,0.079848
wilson,0.041999
win,0.899693
wind,0.084967
window,0.032355
wine,0.292135
wing,0.515811
winner,0.331705
winnipeg,-0.895108
winterbondage,-0.350365
wisconsin,-0.10452
wisdom,0.511628
wise,0.945111
wish,-0.578697
wishes,0.854278
witch,-0.869415
witches,-0.760924
witness,0.488885
witnesses,0.82963
wives,0.346763
wizard,0.250106
wolf,0.662609
woman,-0.800645
women,-0.956162
wonder,0.241791
wood,-0.054697
wool,-0.710037
word,-0.644445
words,0.831355
work,-0.420431
workaholic,0.644258
worker,-0.47854
workers,-0.994692
workin,-0.794595
workout,0.315611
works,-0.876841
world,-0.128188
worldsex,0.132355
worm,-0.965011
worship,0.10192
worshipper,0.580524
worth,-0.140389
wound,-0.443366
wreck,0.325161
wrestler,-0.66515
wrestling,0.294801
write,0.189189
writer,-0.096929
writers,-0.996157
wrong,0.589286
wyoming,-0.127061
xnxx,-0.950802
xp,-0.355605
xxx,0.633155
xxxxers,-0.543401
yakuza,0.578182
yankee,0.72973
yarn,-0.677419
year,0.426125
yearling,0.262745
years,0.394927
yesterday,-0.420959
yo,0.807858
yon,0.452381
yong,-0.711619
york,0.099804
yorkshire,0.70755
yound,-0.505653
youngster,0.686474
your,0.282051
youth,0.769194
yung,0.903226
yunger,0.631818
zany,0.738
zealand,-0.203418
zealot,0.130218
zen,0.745089
zombie,0.545706
zoo,-0.88526
zoofilia,-0.996885
zoophilia,-0.535991
